{
  "36": [
    -9.733158334313591, -109.23322419124052, -10.232631095524654,
    -10.235636799347924
  ],
  "24": [
    -10.161452733740692, -9.19279824671899, -10.23292899959307,
    -9.720672386982855
  ],
  "25": [
    -9.660690462582608, -8.623998154463198, -109.22869368322915,
    -9.719361009112982
  ],
  "12": [
    -10.452232028218914, -9.662995687003201, -9.662964345353643,
    -10.08970942136519
  ],
  "26": [
    -9.126411895332, -8.025261215230516, -109.22103259087471, -9.170719720174247
  ],
  "0": [
    -10.376173146735931, -10.003247911968394, -10.00416799963183,
    -10.37718230004203
  ],
  "1": [
    -9.96048480442038, -9.540664037978498, -9.540502610207987,
    -10.414132509740009
  ],
  "13": [
    -10.014917181102527, -9.141364629347215, -9.141635774839415,
    -10.1000091916001
  ],
  "14": [
    -9.528375523204128, -8.584602031727972, -8.58481370837493,
    -9.602921445703757
  ],
  "2": [
    -9.468786710576639, -9.031563201943897, -9.032539880876087,
    -9.968579086297105
  ],
  "3": [
    -8.961040549146015, -8.488166285251024, -8.487913167514302,
    -9.493365082617398
  ],
  "15": [
    -9.010293691737147, -7.995366169067713, -7.995526227795898,
    -9.071254042543806
  ],
  "27": [
    -8.560541878414009, -7.395011805507316, -109.22051553670431,
    -8.601089075434428
  ],
  "4": [
    -8.40512359488647, -7.91075878578061, -7.91066912232923, -8.96963063324744
  ],
  "16": [
    -8.444010149664184, -7.373415561710053, -7.373481512318258,
    -8.516051512348584
  ],
  "5": [
    -7.830963815541394, -7.3006825109799935, -7.301251152673579,
    -8.419766512603493
  ],
  "17": [
    -7.867257954508619, -6.7158338778976745, -6.7159782979811675,
    -7.923660197589313
  ],
  "29": [
    -7.3366270269296585, -6.033254078124825, -109.19303577073345,
    -7.357078403976212
  ],
  "18": [
    -7.245328820214485, -6.022526506675526, -6.022532448330039,
    -7.307624322518974
  ],
  "6": [
    -7.221075051373879, -6.656647988171807, -6.656520895264955,
    -7.822339606187145
  ],
  "7": [
    -6.572083810056003, -5.975515904947761, -5.975805867381382,
    -7.205313959844771
  ],
  "19": [
    -6.596898749445391, -5.291367274849173, -5.291409097950242,
    -6.636109091118667
  ],
  "31": [
    -5.9831731845450244, -4.524381249999902, -109.19386378852077,
    -6.000733468206896
  ],
  "8": [
    -5.866692871284448, -5.257580950650456, -5.257687019581539,
    -6.539980235365712
  ],
  "9": [
    -5.1401077173184095, -4.4993234189083955, -4.499278930468615,
    -5.846031286322181
  ],
  "20": [
    -5.892978851664975, -4.520458416813365, -4.520452290763394,
    -5.953537608324621
  ],
  "21": [
    -5.193506754808551, -3.7080892094671802, -3.7080789658900573,
    -5.206353023714838
  ],
  "33": [
    -4.490649091760596, -2.8524999999999627, -109.16386625372125,
    -4.493508759097685
  ],
  "22": [
    -4.45235073832611, -2.8519654769457805, -2.851963793318738,
    -4.445946741304034
  ],
  "34": [
    -3.686533962820469, -1.9499999999999837, -109.08507479177267,
    -3.693433213748335
  ],
  "35": [
    -2.8446484575548783, -1.9456457194461607, -0.9999999999999944,
    -2.8454613284832257
  ],
  "47": [0.0, 0.0, 0.0, 0.0],
  "30": [
    -6.682536187125391, -5.298162187499862, -109.20469965312138,
    -6.6976755074452745
  ],
  "28": [
    -7.969574676178079, -6.7315913742185405, -109.21067281682117,
    -7.996680198731191
  ],
  "10": [
    -4.413415014063376, -3.698010195150647, -3.69806603986026,
    -5.098805935926846
  ],
  "11": [
    -3.58868108407249, -3.6055656560933897, -2.8509416980089863,
    -4.354655059519753
  ],
  "23": [
    -3.6642814195288147, -2.839356532175416, -1.9499942387287519,
    -3.66110277777595
  ],
  "32": [
    -5.259967223584089, -3.7098749999999425, -109.18002544402768,
    -5.263156649144618
  ]
}
