{
  "0": [
    0.6607465186137425, 0.7737809374999971, 0.1843322623172572,
    0.43633545700861603
  ],
  "1": [0.4711382937585565, 0.0, 0.0012410578476938921, 2.1627187276482748e-5],
  "5": [0.0, 0.0, 0.0, 0.0],
  "4": [0.5625466089686663, 0.8145062499999975, 0.0, 0.6121809699969112],
  "8": [0.5993960892078051, 0.0, 0.857374999999998, 0.6104224638902565],
  "9": [0.6370622996105656, 0.4958880977153557, 0.9024999999999985, 0.0],
  "10": [0.619818310700819, 0.9499999999999991, 0.0, 0.6406155780737914],
  "11": [0.0, 0.0, 0.0, 0.0],
  "2": [
    1.0948490842456866e-6, 0.036270590391903286, 0.0, 2.9403675625000007e-5
  ],
  "6": [0.0, 0.8426906331747227, 0.0, 2.2806175000000007e-5],
  "3": [1.5475618750000004e-5, 0.0, 0.0, 0.0],
  "7": [0.0, 0.0, 0.0, 0.0],
  "12": [0.0, 0.0, 0.0, 0.0],
  "13": [0.0, 0.078522702459437, 0.890923428763168, 0.06688064713059622],
  "14": [
    0.5411235620593177, 0.7811377355825279, 0.9999999999999996,
    0.7332623109025543
  ],
  "15": [0.0, 0.0, 0.0, 0.0]
}
